Asambleista,Imagen,Género,Tipo de circunscripción,Circunscripción,jerarquiacircunscripcin,Suplente,Organización política,Comisiones,Cargo en comisión,Consejo de Administración Legislativa,Correo asambleísta,Twitter,Instagram
Abad Verdugo Joel Eduardo,Joel-Abad.png,Masculino,Provincial,Cañar,Provincial>Cañar,Lucíla Saeteros,Pachakutik,Derecho a la Salud y Deporte,Integrante,,joel.abad@asambleanacional.gob.ec,@joel_abad,joelabadverdugo18
Abedrabbo García Jorge Farah,Jorge-Abedrabo.png,Masculino,Provincial,Bolívar,Provincial>Bolívar,,Alianza SUMA - Partido Social Cristiano,"Protección Integral a Niñas, Niños y Adolescentes ",Integrante,,jorge.abedrabbo@asambleanacional.gob.ec,,
Acuña Figueroa Joao Aarón,Joao-Acuna.png,Masculino,Provincial,Manabí Distrito 2,Provincial>Manabí Distrito 2,Gema Sulay Moreira Jaramilo,Alianza UNES,Soberanía Alimentaria y Desarrollo del Sector Agropecuario y Pesquero,Integrante,,joao.acuna@asambleanacional.gob.ec,@Boris_Man,
Agualsaca Guamán José Clemente,Jose-Clemene-Agualsaca.png,Masculino,Nacional,Nacional,Nacional>Nacional,Nuria Susana Butiña Martinez,Alianza UNES,Justicia y Estructura del Estado,Integrante,,jose.agualsaca@asambleanacional.gob.ec,@JoseAgualsacaG,"@mashijose_agualsaca

"
Aguirre Zambonino Pamela Alejandra,Pamela-Aguirre.png,Femenino,Provincial,Imbabura,Provincial>Imbabura,Pamela Aguirre Zambonino,Alianza UNES,Derecho al Trabajo y la Seguridad Social,Integrante,,pamela.aguirre@asambleanacional.gob.ec,pameaguirre1,pameaguirre1
Álava Moreira María Vanessa,Vanessa-Alava.png,Femenino,Provincial,Manabí Distrito 1,Provincial>Manabí Distrito 1,Yalina Coppiano Arguello,Alianza UNES,Biodiversidad y Recursos Naturales,Integrante,,maria.alava@asambleanacional.gob.ec,@MVANESSAALAVA,
Aleaga Santos Ronny Xavier,Ronny-Aleaga.png,Masculino,Provincial,Guayas Distrito 2,Provincial>Guayas Distrito 2,Emily Vera Aguiño,Alianza UNES,Soberanía Alimentaria y Desarrollo del Sector Agropecuario y Pesquero,Integrante,Tercer vocal,ronny.aleaga@asambleanacional.gob.ec,RonnyAleagaS,ronnyaleagasantos
Almeida Moran Luis Fernando,Luis-Almeida.png,Masculino,Provincial,Guayas Distrito 1,Provincial>Guayas Distrito 1,Jenny Beatriz Almeida Morán,Alianza Partido Social Cristiano - Madera de Guerrero,Derecho al Trabajo y la Seguridad Social,Integrante,,luis.almeida@asambleanacional.gob.ec,LuisAlmeidaM,luisalmeidamoran
Alvarado Espinel Marcos Humberto,Humberto-Alvarado.png,Masculino,Provincial,Los Ríos,Provincial>Los Ríos,Mónica de Jesús Salazar Hidalgo,Alianza UNES,"Transparencia, Participación Ciudadana y Control Social",Integrante,,marcos.alvarado@asambleanacional.gob.ec,,humbertoalvaradoespinel1
Álvarez Zambrano Ferdinan Arturo,Ferdinan-Alvarez.png,Masculino,Provincial,Guayas Distrito 3,Provincial>Guayas Distrito 3,Maria Cecilia Herrera Montero,Alianza UNES,"Transparencia, Participación Ciudadana y Control Social",Presidente,,ferdinan.alvarez@asambleanacional.gob.ec,FerdinanAZ87,ferdinanaz87
Andrade Muñoz Wilma Piedad,Wilma-Andrade.png,Femenino,Nacional,Nacional,Nacional>Nacional,Sebastián Ibarra,Partido Izquierda Democrática,"Desarrollo Económico, Productivo y la Microempresa",Vicepresidente,,wilma.andrade@asambleanacional.gob.ec,@Wilmandrade,"@wilmaa12id

"
Aquino Merchán María del Carmen,Maria-del-Carmen-Aquino.png,Femenino,Provincial,Santa Elena,Provincial>Santa Elena,Roberto Lucas,Alianza UNETE,"Soberanía, Integración y Seguridad Integral",Vicepresidente,,maria.aquino@asambleanacional.gob.ec,,
Arce Pluas Alexandra Manuela,Alexandra-Arce.png,Femenino,Provincial,Guayas Distrito 3,Provincial>Guayas Distrito 3,Walter Gómez Ronquillo,Alianza UNES,Soberanía Alimentaria y Desarrollo del Sector Agropecuario y Pesquero,Integrante,,alexandra.arce@asambleanacional.gob.ec,Alexandra_Arce,alexandra.arce
Arias Arias Nathalie  Andrea,Natalie-Arias.png,Femenino,Nacional,Nacional,Nacional>Nacional,,CREO,"Desarrollo Económico, Productivo y la Microempresa",Integrante,Segunda vocal,nathalie.arias@asambleanacional.gob.ec,@Nathie_Arias,"@nathie_arias

"
Astudillo Barrezueta María Fernanda,Fernanda-Astudillo.png,Femenino,Provincial,El Oro,Provincial>El Oro,Jorge Ariel Quevedo Pinta,Alianza UNES,"Garantías Constitucionales, Derechos Humanos, Derechos Colectivos y la Interculturalidad",Integrante,,maria.astudillo@asambleanacional.gob.ec,FerContigoEstoy,
Bacigalupo Buenaventura Dalton Emory,Dalton-Bacigalupo.png,Masculino,Provincial,Cotopaxi,Provincial>Cotopaxi,Sherlín Pacheco,Partido Izquierda Democrática,Justicia y Estructura del Estado,Integrante,,dalton.bacigalupo@asambleanacional.gob.ec,DBacigalupoB,
Barreto Zambrano Lenin Daniel,Lenin-Barreto.png,Masculino,Provincial,Manabí Distrito 1,Provincial>Manabí Distrito 1,Manuel Isidro Panezo Rojas,Alianza UNES,"Gobiernos Autónomos, Descentralización, Competencias y Organización del Territorio",Integrante,,lenin.barreto@asambleanacional.gob.ec,@LeninBarreto,leninbarreto
Cabascango Collaguazo José Fernando,Fernando-Cabascango.png,Masculino,Provincial,Pichincha Distrito 3,Provincial>Pichincha Distrito 3,Sandra Montenegro Vallejo,Pachakutik,"Garantías Constitucionales, Derechos Humanos, Derechos Colectivos y la Interculturalidad",Presidente,,jose.cabascango@asambleanacional.gob.ec,@fernandocabas,
Cabezas Castillo Janeth Paola,Paola-Cabezas.png,Femenino,Nacional,Nacional,Nacional>Nacional,Mateo Flores Maggi,Alianza UNES,"Garantías Constitucionales, Derechos Humanos, Derechos Colectivos y la Interculturalidad",Integrante,,janeth.cabezas@asambleanacional.gob.ec,@PaolaCabezasC,@paola_cabezas
Cabrera Palacios Hugo Marcelo,Hugo-Cabrera.png,Masculino,Provincial,Azuay,Provincial>Azuay,Diana Pesantez,Azuay Primero,"Desarrollo Económico, Productivo y la Microempresa",Integrante,,,@MarceloHCabrera,
Cadena Carrera Marlon Wulester,Marlon-Cadena.png,Masculino,Provincial,Pichincha Distrito 3,Provincial>Pichincha Distrito 3,Pujaña Pazmiño,Partido Izquierda Democrática,"Gobiernos Autónomos, Descentralización, Competencias y Organización del Territorio",Integrante,,marlon.cadena@asambleanacional.gob.ec,@marloncadenaec,
Calapucha Grefa Efrén Noé,Efren-Calapucha-.png,Masculino,Provincial,Pastaza,Provincial>Pastaza,Narcisa Medina,Pachakutik,Biodiversidad y Recursos Naturales,Integrante,,efren.calapucha@asambleanacional.gob.ec,@tankarana1,@efrennoecalapuchagrefa
Calo Caisalitin Peter Fernando,Peter-Calo.png,Masculino,Provincial,Cotopaxi,Provincial>Cotopaxi,Pilar Llano,Pachakutik,"Gobiernos Autónomos, Descentralización, Competencias y Organización del Territorio",Integrante,,peter.calo@asambleanacional.gob.ec,PeterFernandoC2,peter_calo_oficial
Campain Brambilla Rina Asunción,,Femenino,Provincial,Esmeraldas,Provincial>Esmeraldas,Carlos David Gallardo Cheme,CREO,Derecho al Trabajo y la Seguridad Social,Presidente,,rina.campain@asambleanacional.gob.ec,RinaCampainB,rinacampain
Castillo Cárdenas Jessica Carolina,Jessica-Castillo.png,Femenino,Provincial,Pichincha Distrito 2,Provincial>Pichincha Distrito 2,Alexander Hidalgo Muñoz,Pachakutik,Relaciones Internacionales y Movilidad Humana,Vicepresidente,,jessica.castillo@asambleanacional.gob.ec,@Jessica39010686,
Cedeño Rivadeneria Fernando Enrique,Fernando-Cedeno.png,Masculino,Provincial,Manabí Distrito 2,Provincial>Manabí Distrito 2,María Bustamante González,Alianza UNES,Relaciones Internacionales y Movilidad Humana,Integrante,,fernando.cedeno@asambleanacional.gob.ec,,
Cerda Cerda Rosa Elizabeth,Rosa-Cerda.png,Femenino,Provincial,Napo,Provincial>Napo,Alex Pérez,Pachakutik,Derecho a la Salud y Deporte,Integrante,,elizabeth.cerda@asambleanacional.gob.ec,,
Cervantes Villalba Luis Patricio,Patricio-Cervantes.png,Masculino,Provincial,Imbabura,Provincial>Imbabura,Abelardo Chachalo Alvear,CREO,Relaciones Internacionales y Movilidad Humana,Integrante,,luis.cervantes@asambleanacional.gob.ec,abpcervantes,cervantes.patricio
Cevallos Peña Omar Vicente,cevallos-OL.png,Masculino,Provincial,Guayas Distrito 4,Provincial>Guayas Distrito 4,,Independiente,Derecho al Trabajo y la Seguridad Social,Integrante,,omar.cevallos@asambleanacional.gob.ec,OmarCevallosP,omarcevallosp
Chávez Macías Marjorie de Los Ángeles,Marjorie-Chavez.png,Femenino,Provincial,Pichincha Distrito 1,Provincial>Pichincha Distrito 1,Felicia Barros Delgado,Partido Social Cristiano,Relaciones Internacionales y Movilidad Humana,Integrante,,marjorie.chavez@asambleanacional.gob.ec,@chavezjrchavez2,@chavezjrchavez2
Chávez Valencia José Ricardo,Ricardo-Chavez.png,Masculino,Provincial,Santo Domingo de los Tsáchilas,Provincial>Santo Domingo de los Tsáchilas,Miguel Angel Pavon,Alianza UNES,"Transparencia, Participación Ciudadana y Control Social",Integrante,,ricardo.chavez@asambleanacional.gob.ec,@marjoriechavezm,@marjoriechavezm
Chimbo Chimbo Segundo José,Jose-Chimbo.png,Masculino,Provincial,Bolívar,Provincial>Bolívar,Erika Rivadeneira,Pachakutik,Justicia y Estructura del Estado,Integrante,,segundo.chimbo@asambleanacional.gob.ec,,
Chiriboga High Guido Alberto,Guido-Chiriboga.png,Masculino,Provincial,Guayas Distrito 3,Provincial>Guayas Distrito 3,María Isabel Intriago,CREO,Régimen Económico y Tributario y su Regulación y Control,Integrante,,guido.chiriboga@asambleanacional.gob.ec,guido_chiriboga,guido_chiriboga
Chumpi Jua José Celestino,Jose-Chumpi.png,Masculino,Provincial,Morona Santiago,Provincial>Morona Santiago,Verónica Lituma,Pachakutik,"Gobiernos Autónomos, Descentralización, Competencias y Organización del Territorio",Presidente,,jose.chumpi@asambleanacional.gob.ec,@ChumpiJua,
Cordova Díaz Comps Pascacio,Comps-Cordova.png,Femenino,Provincial,Sucumbíos,Provincial>Sucumbíos,Andrea Girón Ramírez,Alianza UNES,Fiscalización y Control Político,Integrante,,comps.cordova@asambleanacional.gob.ec,@compscordova,
Corral Alava Raisa Irina,Raisa-Corral.png,Femenino,Nacional,Nacional,Nacional>Nacional,Victor Clemente Medina Mera,Alianza UNES,Relaciones Internacionales y Movilidad Humana,Integrante,,raisa.corral@asambleanacional.gob.ec,@RaisaCorral,"@raisacorral

"
Correa Delgado Pierina Sara Mercedes,Pierina-Correa.png,Femenino,Nacional,Nacional,Nacional>Nacional,Carlos Luis Acosta Coloma,Alianza UNES,"Protección Integral a Niñas, Niños y Adolescentes ",Presidente,,pierina.correa@asambleanacional.gob.ec,@pierinaescorrea,"@pierinaescorrea

"
Cruz Andrade Hugo Benjamin,Hugo-Cruz.png,Masculino,Provincial,Manabí Distrito 1,Provincial>Manabí Distrito 1,Oscar Tato Arcentales,Movimiento Construye,Soberanía Alimentaria y Desarrollo del Sector Agropecuario y Pesquero,Integrante,,hugo.cruz@asambleanacional.gob.ec,@HugoCruzAndrad,hugocruzandradealaasamblea
Cuero Medina Roberto Emilio,Roberto-Cuero.png,Masculino,Provincial,Guayas Distrito 1,Provincial>Guayas Distrito 1,Blanca Ytati López Castro,Alianza UNES,Fiscalización y Control Político,Integrante,,roberto.cuero@asambleanacional.gob.ec,rcuero68,roberto.cuero
Cuesta Santana Esther Adelina,Esther-Cuesta.png,Femenino,Exterior,"Europa, Asia y Oceanía","Exterior>Europa, Asia y Oceanía",Jose Victor Kaviedes Ferrin,Alianza UNES,"Protección Integral a Niñas, Niños y Adolescentes ",Integrante,,esther.cuesta@asambleanacional.gob.ec,esthercuestasan,esthercuestasantana
Curicama Guamán Mariano,Mariano-Curicama.png,Masculino,Provincial,Chimborazo,Provincial>Chimborazo,Vanessa Estrada,MINGA,Soberanía Alimentaria y Desarrollo del Sector Agropecuario y Pesquero,Presidente,,mariano.curicama@asambleanacional.gob.ec,,
Desintonio Malave Victoria Tatiana,Victoria-Desintonio.png,Femenino,Provincial,Guayas Distrito 2,Provincial>Guayas Distrito 2,Jorge Erwin Destintonio Malavé,Alianza UNES,"Garantías Constitucionales, Derechos Humanos, Derechos Colectivos y la Interculturalidad",Vicepresidente,,victoria.desintonio@asambleanacional.gob.ec,VickyDesintonio,victoria.desintonio
Diab Aguilar María Soledad,Soledad-Diab.png,Femenino,Provincial,Guayas Distrito 3,Provincial>Guayas Distrito 3,,Alianza Partido Social Cristiano - Madera de Guerrero,Fiscalización y Control Político,Integrante,,maria.diab@asambleanacional.gob.ec,SoledadDiab,soledaddiab
Enrríquez Jaya Isabel María,Isabel-Enriquez.png,Femenino,Provincial,Zamora Chinchipe,Provincial>Zamora Chinchipe,Miguel Sarango,Alianza por la Dignidad de Zamora Chinchipe,"Educación, Cultura, Ciencia, Tecnología, Innovación y Saberes Ancestrales",Integrante,,isabel.enrriquez@asambleanacional.gob.ec,@Isabel_EJ,
Esparza Aguirre Diego Fernando,Diego-Esparza.png,Masculino,Provincial,Zamora Chinchipe,Provincial>Zamora Chinchipe,Daysi Guicela Jiménez Parra,Alianza Honestidad,"Educación, Cultura, Ciencia, Tecnología, Innovación y Saberes Ancestrales",Integrante,,diego.esparza@asambleanacional.gob.ec,@DiegoEsparza_17,
Espín Reyes Eugenia Sofía,Sofia-Espin.png,Femenino,Provincial,Guayas Distrito 1,Provincial>Guayas Distrito 1,Juan Carlos Pulido Tamayo,Alianza UNES,Justicia y Estructura del Estado,Integrante,,sofia.espin@asambleanacional.gob.ec,SofiaEspinRC,sofiaespinrcec
Fajardo Campoverde Rodrigo Olmedo,Rodrigo-Fajardo.png,Masculino,Provincial,Azuay,Provincial>Azuay,Gisella Cañar,Partido Izquierda Democrática,"Soberanía, Integración y Seguridad Integral",Integrante,,rodrigo.fajardo@asambleanacional.gob.ec,@rodrigolfc55,rodrigo_fajardo01
Falquez Batallas Pedro Carlos,Carlos-Falquez.png,Masculino,Provincial,El Oro,Provincial>El Oro,Mercedes Serrano,Partido Social Cristiano,"Transparencia, Participación Ciudadana y Control Social",Integrante,,pedro.falquez@asambleanacional.gob.ec,,carlosfalquezb
Farinango Quilumbaquín Dina Maribel,Diana-Farinango.png,Femenino,Provincial,Pichincha Distrito 4,Provincial>Pichincha Distrito 4,Vicente Ludeña Camacho,Pachakutik,Justicia y Estructura del Estado,Vicepresidente,,dina.farinango@asambleanacional.gob.ec,@DinaFarinangoEc,@dinafarinango
Flores Arroyo Juan Fernando,Juan-Fernando-Flores.png,Masculino,Exterior,"América Latina, El Caribe y África","Exterior>América Latina, El Caribe y África",Carla Cruz,CREO,Relaciones Internacionales y Movilidad Humana,Presidente,,juan.flores@asambleanacional.gob.ec,@juanflores18,jffa18
Freire Vergara Vanessa Lorena,Vanessa-Freire.png,Femenino,Provincial,Los Ríos,Provincial>Los Ríos,Alexis Matute Matute,Independiente,"Protección Integral a Niñas, Niños y Adolescentes ",Integrante,,vanessa.freire@asambleanacional.gob.ec,vfbabahoyo,vanessafreirevergara
Frias Borja Edwin Ramiro,Ramiro-Frias.png,Masculino,Provincial,Tungurahua,Provincial>Tungurahua,Sebastián Marcos Romero Caicedo.,Partido Izquierda Democrática,"Educación, Cultura, Ciencia, Tecnología, Innovación y Saberes Ancestrales",Integrante,,edwin.frias@asambleanacional.gob.ec,,
González Alcívar Luisa Magdalena,Luisa-Gonzales.png,Femenino,Provincial,Manabí Distrito 1,Provincial>Manabí Distrito 1,Diana Carolina Avellán Álava,Alianza UNES,Derecho a la Salud y Deporte,Integrante,,luisa.gonzalez@asambleanacional.gob.ec,@LuisaGonzalezEc,
González Valero Ronal Eduardo,Ronal-Gonzalez.png,Masculino,Provincial,Los Ríos,Provincial>Los Ríos,Paola Macías,Alianza UNES,Derecho a la Salud y Deporte,Integrante,,ronal.gonzalez@asambleanacional.go,,
Guamán Rivera Augusto Alejandro,Augusto-Guaman.png,Masculino,Provincial,Sucumbíos,Provincial>Sucumbíos,Pamela Mera,Movimiento Acuerdo Ecuatoriano,"Soberanía, Integración y Seguridad Integral",Integrante,,augusto.guaman@asambleanacional.gob.ec,@AugustoGuamanEc,@augustoguaman
Guamaní Vásquez Ludvia Yeseña,Yesena-Guamani.png,Femenino,Provincial,Pichincha Distrito 4,Provincial>Pichincha Distrito 4,Jorge Ayala,Partido Izquierda Democrática,"Gobiernos Autónomos, Descentralización, Competencias y Organización del Territorio",Vicepresidente,,ludvia.guamani@asambleanacional.gob.ec,@yesguamani,"@yes_guamani

"
Guanoluisa Farinango Amparo Rocío,Rocio-Guanolisa.png,Femenino,Provincial,Pichincha Distrito 2,Provincial>Pichincha Distrito 2,Luis Reinoso,Partido Izquierda Democrática,"Educación, Cultura, Ciencia, Tecnología, Innovación y Saberes Ancestrales",Vicepresidente,,amparo.guanoluisa@asambleanacional.gob.ec,,"@rocioguanoluisa_

"
Herrera Gómez Ana Cecilia,Ana-Herrera.png,Femenino,Provincial,Cotopaxi,Provincial>Cotopaxi,Franklin Arce Luis,Alianza UNES,Régimen Económico y Tributario y su Regulación y Control,Integrante,,ana.herrera@asambleanacional.gob.ec,@AnaHerreraGomez,
Holguín Naranjo Marcela Priscila,Marcela-Holguin.png,Femenino,Provincial,Pichincha Distrito 1,Provincial>Pichincha Distrito 1,Jorge Ruíz Pozo,Alianza UNES,Derecho al Trabajo y la Seguridad Social,Integrante,,marcela.holguin@asambleanacional.gob.ec,@marcelaholguin,@marcelaholguinn
Jachero Robalino Washington Elías        ,Elias-Jachero-Robalino.png,Masculino,Provincial,Pastaza,Provincial>Pastaza,Daniela Vallejo,Independiente,Relaciones Internacionales y Movilidad Humana,Integrante,,"elias.jachero@asambleanacional.gob.ec
",@eliasjachero,"@elias_jachero

"
Jaramillo Gómez Cesar Alejandro,Alejandro-Jaramillo.png,Masculino,Provincial,Pichincha Distrito 1,Provincial>Pichincha Distrito 1,Veronica Carrillo,Partido Izquierda Democrática,Justicia y Estructura del Estado,Presidente,,alejandro.jaramillo@asambleanacional.gob.ec,@JaramilloG_A,
Jarrín Terán Fausto Alejandro,Fausto-Jarrin.png,Masculino,Provincial,Pichincha Distrito 4,Provincial>Pichincha Distrito 4,Gissela Garzón Monteros,Alianza UNES,Justicia y Estructura del Estado,Integrante,,fausto.jarrin@asambleanacional.gob.ec,@Sandinin,"@sandinin

"
Jiménez Sánchez Francisco Eduardo,Francisco-Jimenez.png,Masculino,Provincial,Guayas Distrito 2,Provincial>Guayas Distrito 2,,CREO,"Desarrollo Económico, Productivo y la Microempresa",Integrante,,francisco.jimenez@asambleanacional.gob.ec,Asambleistabel1,asambleista_bellajimenez
Jiménez Torres Bella Daniela,Bella-Jimenez.png,Femenino,Provincial,Guayas Distrito 1,Provincial>Guayas Distrito 1,Briana Villao,Independiente,Derecho a la Salud y Deporte,Integrante,Segunda Vicepresidenta,bella.jimenez@asambleanacional.gob.ec,panchojimenezs,panchojimenezs
Jurado Bedran Xavier Andrés,Xavier-Jurado.png,Masculino,Provincial,Guayas Distrito 4,Provincial>Guayas Distrito 4,Eleana Romero Rodríguez,Alianza UNES,"Soberanía, Integración y Seguridad Integral",Integrante,,xavier.jurado@asambleanacional.gob.ec,XavierJurado82,
Kronfle Kozhaya Henry Fabián,Henry-Kronfle.png,Masculino,Nacional,Nacional,Nacional>Nacional,María Lourdes Alarcón ,Partido Social Cristiano,"Gobiernos Autónomos, Descentralización, Competencias y Organización del Territorio",Integrante,,henry.kronfle@asambleanacional.gob.ec,@HenryKronfle,@henrykronfle
Lara Rivadeneira Lenin Jose,Lenin-Lara.png,Masculino,Provincial,Esmeraldas,Provincial>Esmeraldas,Lupe Pinto Herrería,Centro Democrático,"Protección Integral a Niñas, Niños y Adolescentes ",Integrante,,lenin.lara@asambleanacional.gob.ec,compalenin,
León Flores Francisco Javier,flores-ol.png,Masculino,Provincial,Guayas Distrito 4,Provincial>Guayas Distrito 4,Emilia Ruíz Ronquillo,Independiente,"Gobiernos Autónomos, Descentralización, Competencias y Organización del Territorio",Integrante,,francisco.leon@asambleanacional.gob.ec,Franciscoleonf5,panchofranciscol
Lloret Valdivieso Juan Cristóbal,Juan-Cristobal-Lloret.png,Masculino,Provincial,Azuay,Provincial>Azuay,Fernanda Mendez Rojas,Alianza UNES,Biodiversidad y Recursos Naturales,Integrante,,juan.lloret@asambleanacional.gob.ec,@jotalloretv,jotalloretv
Llori Abarca Esperanza Guadalupe,Guadalupe-Llori.png,Femenino,Provincial,Orellana,Provincial>Orellana,Stalin Miguel Aguirre,Alianza Renace La Esperanza,No aplica,Integrante,Presidenta,"guadalupe.llori@asambleanacional.gob.ec
",@GuadalupeLlori,@guadalupellori
Lucero Sisa Rafael,Rafael-Lucero.png,Masculino,Provincial,Chimborazo,Provincial>Chimborazo,Dennis Acaro,Pachakutik,Derecho a la Salud y Deporte,Integrante,,rafael.lucero@asambleanacional.gob.ec,,rafaelluceroasambleista
Luna Arévalo Blasco Remigio,,Masculino,Provincial,Cañar,Provincial>Cañar,Cristina Buñay Quichimbo,Alianza UNES,Régimen Económico y Tributario y su Regulación y Control,Integrante,,blasco.luna@asambleanacional.gob.ec,,
Maita Zapata Angel Salvador,Salvador-Maita.png,Masculino,Exterior,EEUU y Canadá,Exterior>EEUU y Canadá,Silvia Capuz,Pachakutik,Relaciones Internacionales y Movilidad Humana,Integrante,,angel.maita@asambleanacional.gob.ec,Salvadormz,
Maldonado Ontaneda Byron Vinicio,Byron-Maldonado.png,Masculino,Provincial,Loja,Provincial>Loja,Mercedes Melania Correa,CREO,Régimen Económico y Tributario y su Regulación y Control,Integrante,,byron.maldonado@asambleanacional.gob.ec,bvmalo,byronmaldonado
Marcillo Ruiz Luis Aníbal,Luis-Marcillo.png,Masculino,Provincial,Imbabura,Provincial>Imbabura,,Partido Izquierda Democrática,Derecho al Trabajo y la Seguridad Social,Vicepresidente,,luis.marcillo@asambleanacional.gob.ec,,
Mateus Acosta Gustavo Enrique,Gustavo-Mateus.png,Masculino,Exterior,"Europa, Asia y Oceanía","Exterior>Europa, Asia y Oceanía",Margarita Del Cisne Guerrero Calderón,Alianza UNES,"Gobiernos Autónomos, Descentralización, Competencias y Organización del Territorio",Integrante,,gustavo.mateus@asambleanacional.gob.ec,GustavoMateusA,
Mayorga Tapia Rosa Belén,Belen-Mayorga.png,Femenino,Provincial,Tungurahua,Provincial>Tungurahua,Carmen Andagana Pacari,Alianza UNES,"Transparencia, Participación Ciudadana y Control Social",Integrante,,rosa.mayorga@asambleanacional.gob.ec,,
Medina Quizhpe Manuel Asunción,Manuel-Medina.png,Masculino,Provincial,Loja,Provincial>Loja,Alexandra Patricia Granda Castillo,Minka por la Vida,"Educación, Cultura, Ciencia, Tecnología, Innovación y Saberes Ancestrales",Presidente,,manuel.medina@asambleanacional.gob.ec,MedinaQuizhpe,medinaquizhpem
Mendoza Hurtado Eduardo Israel,Eduardo-Mendoza-.png,Masculino,Provincial,Los Ríos,Provincial>Los Ríos,Verónica Herrera,Partido Político Avanza,Soberanía Alimentaria y Desarrollo del Sector Agropecuario y Pesquero,Integrante,,eduardo.mendoza@asambleanacional.gob.ec,,
Mendoza Jiménez Patricia Monserrat,Patricia-Mendoza.png,Femenino,Provincial,Esmeraldas,Provincial>Esmeraldas,Edison Robinzon Ribera,Centro Democrático,Derecho a la Salud y Deporte,Integrante,,patricia.mendoza@asambleanacional.gob.ec,,
Mera Cedeño Lenin Francisco,Lenin-Mera.png,Masculino,Provincial,Santa Elena,Provincial>Santa Elena,Daysee Alfonso Villón,Alianza UNES,"Protección Integral a Niñas, Niños y Adolescentes ",Vicepresidente,,lenin.mera@asambleanacional.gob.ec,@lenin_mera,"@leninmerac

"
Miranda Giler Lyne Katiuska,Katiuska-Giler.png,Femenino,Provincial,Manabí Distrito 2,Provincial>Manabí Distrito 2,Tomas Burgos Piza,Alianza UNES,"Transparencia, Participación Ciudadana y Control Social",Integrante,,lyne.miranda@asambleanacional.gob.ec,@KatiuskaMEc,"@katiuskamec

"
Molina Álvarez Gissella Cecibel,Gisella-Molina.png,Femenino,Provincial,Cotopaxi,Provincial>Cotopaxi,,Pachakutik,Biodiversidad y Recursos Naturales,Integrante,,gissella.molina@asambleanacional.gob.ec,,
Molina Jurado Marcos Raúl Luis,Marcos-Molina.png,Masculino,Provincial,Guayas Distrito 2,Provincial>Guayas Distrito 2,Efraín Chiguano,Partido Izquierda Democrática,Derecho a la Salud y Deporte,Presidente,,marcos.molina@asambleanacional.gob.ec,gissmolina2021,gissmolina2021
Molina Menéndez María Gabriela,Gabriela-Molina-1.png,Femenino,Provincial,Manabí Distrito 2,Provincial>Manabí Distrito 2,Francisco Alejandro Hidalgo Franco,Alianza UNES,Fiscalización y Control Político,Integrante,,gabriela.molina@asambleanacional.gob.ec,@MG_MOLINAM,
Monge Ortega Cesar Santiago,Cesar-Monge.png,Masculino,Nacional,Nacional,Nacional>Nacional,Ana Belén Cordero Cuesta ,CREO,Fiscalización y Control Político,Integrante,,,@CesarMongeO,@cesarmongeo
Moreira Córdova Johanna Nicole,Johanna-Moreira.png,Femenino,Provincial,El Oro,Provincial>El Oro,Joseph Geovanny Villacreses Quevedo,Partido Izquierda Democrática,Justicia y Estructura del Estado,Integrante,Cuarta vocal,nicole.moreira@asambleanacional.gob.ec,johannamoreirac,johannamoreirac
Muñoz López Christian Pabel,Pabel-Munoz.png,Masculino,Provincial,Pichincha Distrito 3,Provincial>Pichincha Distrito 3,Jahiren Elizabeh Noriega Donoso,Alianza UNES,Régimen Económico y Tributario y su Regulación y Control,Integrante,,pabel.munoz@asambleanacional.gob.ec,@pabelml,
Narváez Garzón Ramiro Vladimir,Ramiro-Narvaez.png,Masculino,Provincial,Carchi,Provincial>Carchi,Mónica Ati,Partido Izquierda Democrática,"Soberanía, Integración y Seguridad Integral",Presidente,,ramiro.narvaez@asambleanacional.gob.ec,@ramironarvaezg,ramironarvaezgarzon
Noboa Azin Daniel Roy-Gilchrist,Daniel-Noboa.png,Masculino,Provincial,Santa Elena,Provincial>Santa Elena,Ana León,Movimiento Ecuatoriano Unido,"Desarrollo Económico, Productivo y la Microempresa",Presidente,,daniel.noboa@asambleanacional.gob.ec,@DanielNoboaOk,"@danielnoboaok

"
Nuñez Ramos Silvia Patricia,Patricia-Nunez.png,Femenino,Provincial,Chimborazo,Provincial>Chimborazo,Antonio Peredes,Alianza UNES,"Soberanía, Integración y Seguridad Integral",Integrante,,silvia.nunez@asambleanacional.gob.ec,@patynunezr1,patricianunez_rc
Ordoñez Guerrero Diego Hernán,Diego-Ordonez.png,Masculino,Provincial,Pichincha Distrito 3,Provincial>Pichincha Distrito 3,Blanca Sacancela,Alianza CREO - ADE,Régimen Económico y Tributario y su Regulación y Control,Integrante,,diego.ordonez@asambleanacional.gob.ec,@diegoordonezg,"@diegoordonezg

"
Ortiz Jarrín Javier Eduardo,Javier-Ortiz.png,Masculino,Provincial,Esmeraldas,Provincial>Esmeraldas,Juan Carlos Torres Diaz,Partido Social Cristiano,"Protección Integral a Niñas, Niños y Adolescentes ",Integrante,,javier.ortiz@asambleanacional.gob.ec,johaortizv,johaortizv
Ortiz Olaya Amada María,ortiz-OL.png,Femenino,Provincial,Santo Domingo de los Tsáchilas,Provincial>Santo Domingo de los Tsáchilas,,Independiente,"Protección Integral a Niñas, Niños y Adolescentes ",Integrante,,amada.ortiz@asambleanacional.gob.ec,@AmaditaMaria,"@amaditamaria

"
Ortiz Villavicencio Johanna Cecibel,Johanna-Ortiz.png,Femenino,Provincial,Loja,Provincial>Loja,Alito Pinto,Alianza UNES,Derecho al Trabajo y la Seguridad Social,Integrante,,johanna.ortiz@asambleanacional.gob.ec,Javier_Ortiz6,javier.ortiz6
Palacios Zambrano Mónica Estefanía,Monica-Palacios.png,Femenino,Exterior,EEUU y Canadá,Exterior>EEUU y Canadá,Jorge Miranda Idrovo,Alianza UNES,Relaciones Internacionales y Movilidad Humana,Integrante,,monica.palacios@asambleanacional.gob.ec,Mpalacioszam,monica.palacios1
Passailaigue Manosalvas Dallyana Marianela,Dayana-Passailaigue.png,Femenino,Provincial,Guayas Distrito 2,Provincial>Guayas Distrito 2,,Alianza Partido Social Cristiano - Madera de Guerrero,"Protección Integral a Niñas, Niños y Adolescentes ",Integrante,,dallyana.passailaigue@asambleanacional.gob.ec,dallyanapass,dallyanapass
Pazmiño Arregui Mireya Katerine,pazmino-ol.png,Femenino,Provincial,Bolívar,Provincial>Bolívar,Luis Guamba,Pachakutik,Régimen Económico y Tributario y su Regulación y Control,Presidente,,mireya.pazmino@asambleanacional.gob.ec,,
Pereira Chamba Darwin Stalin,Darwin-Pereira.png,Masculino,Provincial,El Oro,Provincial>El Oro,María Judith Carreño Chamba,Pachakutik,"Educación, Cultura, Ciencia, Tecnología, Innovación y Saberes Ancestrales",Integrante,Primer vocal,darwin.pereira@asambleanacional.gob.ec,DarwitoPereira,
Pinto Dávila Jorge Washington,Jorge-Pinto.png,Masculino,Provincial,Pichincha Distrito 2,Provincial>Pichincha Distrito 2,Maria Belen Alvarez,Alianza CREO - ADE,"Soberanía, Integración y Seguridad Integral",Integrante,,jorge.pinto@asambleanacional.gob.ec,@JorgePintoD,@jorge_pinto_d
Placencia Tapia Lucia Shadira,Lucia-Placencia.png,Femenino,Provincial,Loja,Provincial>Loja,Dario Sozoranga,Partido Izquierda Democrática,Soberanía Alimentaria y Desarrollo del Sector Agropecuario y Pesquero,Vicepresidente,,lucia.placencia@asambleanacional.gob.ec,luciaplacencia_,luciaplacencia_
Plaza Gómez De La Torre María José,Maria-Jose-Plaza.png,Femenino,Provincial,Pichincha Distrito 1,Provincial>Pichincha Distrito 1,Raul Marcelo Pozo,Alianza CREO - ADE,Derecho a la Salud y Deporte,Vicepresidente,,maria.plaza@asambleanacional.gob.ec,@MJPlazaEc,"@mariajoseplaza21

"
Pluas Arias Nelly Zolanda,Zolanda-Pluas.png,Femenino,Provincial,Guayas Distrito 4,Provincial>Guayas Distrito 4,,Alianza Partido Social Cristiano - Madera de Guerrero,"Educación, Cultura, Ciencia, Tecnología, Innovación y Saberes Ancestrales",Integrante,,nelly.pluas@asambleanacional.gob.ec,zolandapluasec,zolandapluasec
Quezada Patiño Edgar Patricio,Edgar-Quezada.png,Masculino,Provincial,Sucumbíos,Provincial>Sucumbíos,,Pachakutik,"Garantías Constitucionales, Derechos Humanos, Derechos Colectivos y la Interculturalidad",Integrante,,edgar.quezada@asambleanacional.gob.ec,,
Quishpe Lozano Salvador,Salvador-Quishpe.png,Masculino,Nacional,Nacional,Nacional>Nacional,Sonia Robles,Pachakutik,Derecho al Trabajo y la Seguridad Social,Integrante,,salvador.quishpe@asambleanacional.gob.ec,@SalvadorQuishpe,@quishpesalvador
Raffo Guevara Ana María,Ana-Raffo.png,Femenino,Provincial,Guayas Distrito 4,Provincial>Guayas Distrito 4,Kelber Bermudez Barahona,Alianza UNES,"Educación, Cultura, Ciencia, Tecnología, Innovación y Saberes Ancestrales",Integrante,,ana.raffo@asambleanacional.gob.ec,anaraffo1,anaraffoguevara
Recalde Álava Eckenner Reader,Eckenner-Recalde.png,Masculino,Provincial,Pichincha Distrito 2,Provincial>Pichincha Distrito 2,Karina Gabriela Suasnavas Jarrin,Partido Izquierda Democrática,Derecho al Trabajo y la Seguridad Social,Integrante,,eckenner.recalde@asambleanacional.gob.ec,@EckennerID,
Rohon Hervas César Eduardo,rohonol.png,Masculino,Provincial,Guayas Distrito 3,Provincial>Guayas Distrito 3,Elina Narváez Mendieta,Independiente,"Desarrollo Económico, Productivo y la Microempresa",Integrante,,cesar.rohon@asambleanacional.gob.ec,CesarRohon,cesarrohon
Rojas Cuenca Fredy Ramiro,Freddy-Rojas.png,Masculino,Provincial,Galápagos,Provincial>Galápagos,,CREO,Biodiversidad y Recursos Naturales,Integrante,,fredy.rojas@asambleanacional.gob.ec,,
Ruiz Jácome Mario Fernando,Mario-Ruiz.png,Masculino,Provincial,Imbabura,Provincial>Imbabura,Rosa María Carlosama Chachalo,Pachakutik,"Garantías Constitucionales, Derechos Humanos, Derechos Colectivos y la Interculturalidad",Integrante,,mario.ruiz@asambleanacional.gob.ec,MarioRuizJacome,mario_ruiz_jacome
Sanchez Gallegos Bertha Patricia,Bertha-Patricia-Sanchez-Gallegos.png,Femenino,Nacional,Nacional,Nacional>Nacional,Wilson Fermin Paredes Salazar,Pachakutik,"Gobiernos Autónomos, Descentralización, Competencias y Organización del Territorio",Integrante,,bertha.sanchez@asambleanacional.gob.ec,@MariuxiLista1,@mariuxi.sanchez
Sánchez Sarango Mariuxi Cleopatra,Mariuxi-Sanchez.png,Femenino,Provincial,Orellana,Provincial>Orellana,,Alianza UNES,"Educación, Cultura, Ciencia, Tecnología, Innovación y Saberes Ancestrales",Integrante,,mariuxi.sanchez@asambleanacional.gob.ec,,
Sanchez Urgiles Sandra Sofía,Sofia-Sanchez.png,Femenino,Provincial,Azuay,Provincial>Azuay,Jorge Raza,Minka por la Vida,"Garantías Constitucionales, Derechos Humanos, Derechos Colectivos y la Interculturalidad",Integrante,,"sandra.sanchez@asambleanacional.gob.ec
",@Patrici20808550,
Santos Sabando Xavier Adolfo,Xavier-Santos.png,Masculino,Provincial,Manabí Distrito 2,Provincial>Manabí Distrito 2,Johanna Monserrate Pilozo Chavez,Partido Izquierda Democrática,Soberanía Alimentaria y Desarrollo del Sector Agropecuario y Pesquero,Integrante,,"xavier.santos@asambleanacional.gob.ec
",@xaviersantos_ec,xaviersantos_ec
Saquicela Espinoza Javier Virgilio,Virgilio-Saquicela.png,Masculino,Provincial,Cañar,Provincial>Cañar,Tatiana Borja,Movimiento Democracia Sí,"Garantías Constitucionales, Derechos Humanos, Derechos Colectivos y la Interculturalidad",Integrante,Primer Vicepresidente,"javier.saquicela@asambleanacional.gob.ec
",,virgiliosaquicela20
Segovia Mejía Luis Bruno,Bruno-Segovia.png,Masculino,Provincial,Azuay,Provincial>Azuay,Fernanda Orellana,Independiente,Fiscalización y Control Político,Integrante,,"bruno.segovia@asambleanacional.gob.ec
",,
Terán Barragán Johnny Enrique,Johnny-Teran.png,Masculino,Provincial,Los Ríos,Provincial>Los Ríos,Alisson Marcela Haon Zambrano,Partido Social Cristiano,Régimen Económico y Tributario y su Regulación y Control,Vicepresidente,,"johnny.teran@asambleanacional.gob.ec
",,"@johnnyteranb

"
Torres Cobo Luis Esteban,Esteban-Torres.png,Masculino,Provincial,Tungurahua,Provincial>Tungurahua,Felipe Bonilla,Alianza Partido Social Cristiano - Tiempo de Cambio,Soberanía Alimentaria y Desarrollo del Sector Agropecuario y Pesquero,Integrante,,"esteban.torres@asambleanacional.gob.ec
",@etorrescobo,@etorrescobo
Troya Fuertes Marco Stalin,Marco-Troya.png,Masculino,Provincial,Los Ríos,Provincial>Los Ríos,Juan Carlos Troya Fuertes,Movimiento Ecuatoriano Unido,Fiscalización y Control Político,Integrante,,"marco.troya@asambleanacional.gob.ec
",@TROYA_Marco,
Ulcuango Farinango Ricardo,Ricardo-Ulcuango.png,Masculino,Nacional,Nacional,Nacional>Nacional,Evelyn Melissa Zambrano Chavez,Alianza UNES,"Transparencia, Participación Ciudadana y Control Social",Integrante,,"ricardo.ulcuango@asambleanacional.gob.ec
",,@ricardoulcuangof
Urresta Guzmán Jhajaira Estefanía,Jhajaira-Urresta.png,Femenino,Provincial,Pichincha Distrito 2,Provincial>Pichincha Distrito 2,Eduardo Jiménez Quenguan,Alianza UNES,Justicia y Estructura del Estado,Integrante,,jhajaira.urresta@asambleanacional.gob.ec,@EGuzmanurresta,"@jhajaira.urresta.guzman

"
Vallejo Ayala José Luis,Jose-Luis-Vallejo.png,Masculino,Provincial,Carchi,Provincial>Carchi,Yolanada Obando Chulde,Alianza UNES,"Soberanía, Integración y Seguridad Integral",Integrante,,jose.vallejo@asambleanacional.gob.ec,,pepevallejo.a
Vanegas Cortazar Ricardo Xavier,Ricardo-Vanegas.png,Masculino,Nacional,Nacional,Nacional>Nacional,,Pachakutik,Justicia y Estructura del Estado,Integrante,,"ricardo.vanegas@asambleanacional.gob.ec
",@Ricardo_Vanegas,@vanegasasambleista
Varela Salazar Washington Julio Darwin,Washington-Varela.png,Masculino,Provincial,Napo,Provincial>Napo,Andrea Pardo,Alianza Partido Sociedad Patriotica -Antisuyo Ushito,Biodiversidad y Recursos Naturales,Presidente,,"washington.varela@asambleanacional.gob.ec
",,
Vega Olmedo Ligia del Consuelo,Ligia-del-Consuelo-Vega.png,Femenino,Provincial,Morona Santiago,Provincial>Morona Santiago,Cristian Waam,Pachakutik,Biodiversidad y Recursos Naturales,Vicepresidente,,"ligia.vega@asambleanacional.gob.ec
",@cvega2014,
Velasco Erazo Pedro Ramiro,Pedro-Velasco.png,Masculino,Provincial,Carchi,Provincial>Carchi,Trinidad Espinoza,Partido Político Avanza,Fiscalización y Control Político,Integrante,,"pedro.velasco@asambleanacional.gob.ec
",@PedroVelascoE,pedrovelascoe
Veloz Ramírez Rebeca Viviana,Viviana-Veloz.png,Femenino,Provincial,Santo Domingo de los Tsáchilas,Provincial>Santo Domingo de los Tsáchilas,Emerson Hinojosa Ruiz,Alianza UNES,Biodiversidad y Recursos Naturales,Integrante,,"rebeca.veloz@asambleanacional.gob.ec
",@VivianaVeloz18,@vivianavelozoficia
Villavicencio Valencia Fernando Alcibiades,Fernando-Villavicencio.png,Masculino,Nacional,Nacional,Nacional>Nacional,Sara Velastegui,Alianza Honestidad,Fiscalización y Control Político,Presidente,,"fernando.villavicencio@asambleanacional.gob.ec
",@VillaFernando_,@fernandovillavicencioec
Vinueza Salinas John Henry,John-Vinueza.png,Masculino,Provincial,Chimborazo,Provincial>Chimborazo,Deysi Marilin Yuquilema Chimbolema,Unión Ecuatoriana,"Desarrollo Económico, Productivo y la Microempresa",Integrante,,"john.vinueza@asambleanacional.gob.ec
",,
Viteri Jimenez Nathalie Maria,Nathalie-Viteri.png,Femenino,Nacional,Nacional,Nacional>Nacional,,Partido Social Cristiano,"Transparencia, Participación Ciudadana y Control Social",Vicepresidente,,"nathalie.viteri@asambleanacional.gob.ec
",@NathalieViteri,"@nathalieviterij

"
Weber Moreno Geraldine,Geraldine-Weber.png,Femenino,Provincial,Guayas Distrito 1,Provincial>Guayas Distrito 1,,Alianza Partido Social Cristiano - Madera de Guerrero,"Soberanía, Integración y Seguridad Integral",Integrante,,"geraldine.weber@asambleanacional.gob.ec
",,geraldineweber_6
Yucailla Yucailla Cristian Omar,Cristian-Yucailla.png,Masculino,Provincial,Tungurahua,Provincial>Tungurahua,Cesar Freire,Pachakutik,"Desarrollo Económico, Productivo y la Microempresa",Integrante,,"cristian.yucailla@asambleanacional.gob.ec
",,@cristian_yucailla_18
Zambrano Azua Gruber Cesario,gruberol-1.png,Masculino,Provincial,Santo Domingo de los Tsáchilas,Provincial>Santo Domingo de los Tsáchilas,Sara Cabrera Chacón ,Independiente,"Garantías Constitucionales, Derechos Humanos, Derechos Colectivos y la Interculturalidad",Integrante,,"gruber.zambrano@asambleanacional.gob.ec
",CavoZambrano,cavozambrano
Zambrano Landin Carlos Victor,Carlos-Zambrano.png,Masculino,Provincial,El Oro,Provincial>El Oro,Xiomara Alay,Alianza UNES,"Desarrollo Económico, Productivo y la Microempresa",Integrante,,"carlos.zambrano@asambleanacional.gob.ec
",@emzambrano76,mauricio_zambrano_valle
Zambrano Ortiz Eitel James,zambranoe-ol.png,Masculino,Nacional,Nacional,Nacional>Nacional,Teresa Velásquez,Independiente,Régimen Económico y Tributario y su Regulación y Control,Integrante,,"eitel.zambrano@asambleanacional.gob.ec
",@Eitel_ec,"@eitel.ec

"
Zambrano Valle Eduardo Mauricio,Eduardo-Zambrano.png,Masculino,Exterior,"América Latina, El Caribe y África","Exterior>América Latina, El Caribe y África",Shyrabel Loor,Alianza UNES,"Transparencia, Participación Ciudadana y Control Social",Integrante,,"mauricio.zambrano@asambleanacional.gob.e
",@GruberZambranoA,"@gruberzambranoa

"
Zapata Rumipamba Pedro Aníbal,Pedro-Zapata.png,Masculino,Provincial,Galápagos,Provincial>Galápagos,,Partido Social Cristiano,Biodiversidad y Recursos Naturales,Integrante,,"pedro.zapata@asambleanacional.gob.ec
",,
